"samples","feature","material","env.package","metagenome_taxonomy","sample_name","project_name","investigation_type","sequence_type","continent","country","latitude","longitude","raw_biome","project_id","life_style","habitat","biosphere","ecosystem","PI_lastname","seq_meth"
"mgm4443316","marine habitat","anoxic water","water",NA,"OxMinZoneSite3Vir200811-10","Iquique Oxygen minimum zone Chile","metagenome","WGS","south america","Chile",20.10665,70.407383,"ocean biome","mgp2265","free-living","anoxic_seawater","marine","saline_water","dinsdale","454"
"mgm4443317","marine habitat","anoxic water","water",NA,"OxMinZoneSite3Vir200811-200","Iquique Oxygen minimum zone Chile","metagenome","WGS","south america","Chile",20.10665,70.407383,"ocean biome","mgp2265","free-living","anoxic_seawater","marine","saline_water","dinsdale","454"
"mgm4443776","marine habitat","anoxic water","water",NA,"OxMinZoneSite5Vir20080618-55","Iquique Oxygen minimum zone Chile","metagenome","WGS","south america","Chile",20.104183,70.803417,"ocean biome","mgp2265","free-living","anoxic_seawater","marine","saline_water","dinsdale","454"
"mgm4443777","marine habitat","anoxic water","water",NA,"OxMinZoneSite5Vir20080618-90","Iquique Oxygen minimum zone Chile","metagenome","WGS","south america","Chile",20.116183,70.793567,"ocean biome","mgp2265","free-living","anoxic_seawater","marine","saline_water","dinsdale","454"
"mgm4453375","ocean","coastal water","water",NA,"GB Site 1-1","Guanabara Bay Metagenome","metagenome","WGS","south america","Brazil",-22.923242,-43.145186,"ocean biome","mgp1929","free-living","coastal_seawater","marine","saline_water","thompson","454"
"mgm4453376","ocean","coastal water","water",NA,"GB Site 1-2","Guanabara Bay Metagenome","metagenome","WGS","south america","Brazil",-22.923242,-43.145186,"ocean biome","mgp1929","free-living","coastal_seawater","marine","saline_water","thompson","454"
"mgm4454501","ocean","coastal water","water",NA,"AlphaproteobacteriaPt1","Guanabara Bay Metagenome","metagenome","WGS","south america","Brazil",-22.923242,-43.145186,"ocean biome","mgp1929","free-living","coastal_seawater","marine","saline_water","thompson","454"
"mgm4454504","ocean","coastal water","water",NA,"GammaproteobacteriaPt1","Guanabara Bay Metagenome","metagenome","WGS","south america","Brazil",-22.923242,-43.145186,"ocean biome","mgp1929","free-living","coastal_seawater","marine","saline_water","thompson","454"
"mgm4454686","ocean","coastal water","water",NA,"ActinoPt1","Guanabara Bay Metagenome","metagenome","WGS","south america","Brazil",-22.923242,-43.145186,"ocean biome","mgp1929","free-living","coastal_seawater","marine","saline_water","thompson","454"
"mgm4454689","ocean","coastal water","water",NA,"FirmicutesPt1","Guanabara Bay Metagenome","metagenome","WGS","south america","Brazil",-22.923242,-43.145186,"ocean biome","mgp1929","free-living","coastal_seawater","marine","saline_water","thompson","454"
"mgm4454693","ocean","coastal water","water",NA,"BacteroidetesChlorobiPt1","Guanabara Bay Metagenome","metagenome","WGS","south america","Brazil",-22.923242,-43.145186,"ocean biome","mgp1929","free-living","coastal_seawater","marine","saline_water","thompson","454"
"mgm4454699","ocean","coastal water","water",NA,"BetaprotPt1","Guanabara Bay Metagenome","metagenome","WGS","south america","Brazil",-22.923242,-43.145186,"ocean biome","mgp1929","free-living","coastal_seawater","marine","saline_water","thompson","454"
"mgm4454703","ocean","coastal water","water",NA,"DeltaEpsilonprotPt1","Guanabara Bay Metagenome","metagenome","WGS","south america","Brazil",-22.923242,-43.145186,"ocean biome","mgp1929","free-living","coastal_seawater","marine","saline_water","thompson","454"
"mgm4516541","animal-associated habitat","organic material","host-associated",NA,"Mdecactis_clean","Corals_Buzios_Island","metagenome","WGS",NA,"Brazil",-23.8436111111111,-45.1669444444444,"ocean biome","mgp1813","host-associated","coral","marine","animal_host-associated","ottoboni","454"
"mgm4516694","animal-associated habitat","organic material","host-associated",NA,"Mhispida_clean","Corals_Buzios_Island","metagenome","WGS",NA,"Brazil",-23.8436111111111,-45.1669444444444,"ocean biome","mgp1813","host-associated","coral","marine","animal_host-associated","ottoboni","454"
"mgm4535370","upwelling","surface water","water",NA,"Arraial18-01cells","Upwelling Arraial do Cabo","metagenome","WGS","south america","Brazil",-23.002614,-42.011828,"ocean biome","mgp2518","free-living","oceanic_seawater","marine","saline_water","thompson","ion torrent"
"mgm4535371","upwelling","surface water","water",NA,"Arraial19-01cells","Upwelling Arraial do Cabo","metagenome","WGS","south america","Brazil",-22.995336,-42.016656,"ocean biome","mgp2518","free-living","oceanic_seawater","marine","saline_water","thompson","ion torrent"
"mgm4535372","upwelling","surface water","water",NA,"Arraial20-01cells","Upwelling Arraial do Cabo","metagenome","WGS","south america","Brazil",-22.995336,-42.016656,"ocean biome","mgp2518","free-living","oceanic_seawater","marine","saline_water","thompson","ion torrent"
"mgm4535373","upwelling","surface water","water",NA,"MFallC10","Upwelling Arraial do Cabo","metagenome","WGS","north america","USA",36.45,-122,"ocean biome","mgp2518","free-living","oceanic_seawater","marine","saline_water","thompson","454"
"mgm4535374","upwelling","surface water","water",NA,"MFallI10","Upwelling Arraial do Cabo","metagenome","WGS","north america","USA",36.05,-123.5,"ocean biome","mgp2518","free-living","oceanic_seawater","marine","saline_water","thompson","454"
"mgm4535375","upwelling","ocean water","water",NA,"MFallI42","Upwelling Arraial do Cabo","metagenome","WGS","north america","USA",34.8,-126,"ocean biome","mgp2518","free-living","oceanic_seawater","marine","saline_water","thompson","454"
"mgm4570603","area of open water","hypersaline water","water",NA,"ndms01lignin08_joined","Eastern Mediterranean Deep-sea Lignin Degradation","metagenome","WGS",NA,"Egypt",31.852,29.9822,"ocean biome","mgp9894","free-living","hypersaline_water","marine","saline_water","hazen","illumina"
"mgm4570604","area of open water","hypersaline water","water",NA,"ndms01lignin13_joined","Eastern Mediterranean Deep-sea Lignin Degradation","metagenome","WGS",NA,"Egypt",31.852,29.9822,"ocean biome","mgp9894","free-living","hypersaline_water","marine","saline_water","hazen","illumina"
"mgm4703499","marine water body","water","water",NA,"ERR770958_","Ocean Sampling Day","metagenome","WGS",NA,"Mediterranean Sea",45.7009,13.71,"ocean biome","mgp18455","free-living","oceanic_seawater","marine","saline_water","ocean sampling day team","illumina"
"mgm4719936","marine water body","water","water",NA,"ERR771014_","Ocean Sampling Day","metagenome","WGS",NA,"Mediterranean Sea",31.21667,29.96667,"ocean biome","mgp20252","free-living","coastal_seawater","marine","saline_water","ocean sampling day team","illumina"
"mgm4719937","marine water body","water","water",NA,"ERR771101_","Ocean Sampling Day","metagenome","WGS",NA,"Atlantic Ocean",32.7747,-16.828664,"ocean biome","mgp20252","free-living","coastal_seawater","marine","saline_water","ocean sampling day team","illumina"
"mgm4719938","marine water body","water","water",NA,"ERR770988_","Ocean Sampling Day","metagenome","WGS",NA,"Mediterranean Sea",41.6666,2.8,"ocean biome","mgp20252","free-living","coastal_seawater","marine","saline_water","ocean sampling day team","illumina"
"mgm4719939","marine water body","water","water",NA,"ERR770963_","Ocean Sampling Day","metagenome","WGS",NA,"Mediterranean Sea",35.086353,-2.214658,"ocean biome","mgp20252","free-living","coastal_seawater","marine","saline_water","ocean sampling day team","illumina"
"mgm4719940","marine water body","water","water",NA,"ERR770985_","Ocean Sampling Day","metagenome","WGS",NA,"Atlantic Ocean",53.225417,-4.159028,"ocean biome","mgp20252","free-living","coastal_seawater","marine","saline_water","ocean sampling day team","illumina"
"mgm4719941","marine water body","water","water",NA,"ERR771051_","Ocean Sampling Day","metagenome","WGS",NA,"Atlantic Ocean",48.359,-4.552,"ocean biome","mgp20252","free-living","coastal_seawater","marine","saline_water","ocean sampling day team","illumina"
"mgm4719942","marine water body","water","water",NA,"ERR771099_","Ocean Sampling Day","metagenome","WGS",NA,"Atlantic Ocean",65.9449,-22.4192,"ocean biome","mgp20252","free-living","coastal_seawater","marine","saline_water","ocean sampling day team","illumina"
"mgm4719943","marine water body","water","water",NA,"ERR770994_","Ocean Sampling Day","metagenome","WGS",NA,"Mediterranean Sea",27.041533,33.9082,"ocean biome","mgp20252","free-living","coastal_seawater","marine","saline_water","ocean sampling day team","illumina"
"mgm4719944","marine water body","water","water",NA,"ERR771071_","Ocean Sampling Day","metagenome","WGS",NA,"Atlantic Ocean",31.383607,-80.866685,"ocean biome","mgp20252","free-living","coastal_seawater","marine","saline_water","ocean sampling day team","illumina"
"mgm4719945","marine water body","water","water",NA,"ERR770997_","Ocean Sampling Day","metagenome","WGS",NA,"Atlantic Ocean",43.333333,-1.925,"ocean biome","mgp20252","free-living","coastal_seawater","marine","saline_water","ocean sampling day team","illumina"
"mgm4719946","marine water body","water","water",NA,"ERR771022_","Ocean Sampling Day","metagenome","WGS",NA,"Mediterranean Sea",43.22639,5.74583,"ocean biome","mgp20252","free-living","coastal_seawater","marine","saline_water","ocean sampling day team","illumina"
"mgm4719947","marine water body","water","water",NA,"ERR771079_","Ocean Sampling Day","metagenome","WGS",NA,"Atlantic Ocean",65.48868,-18.0608,"ocean biome","mgp20252","free-living","coastal_seawater","marine","saline_water","ocean sampling day team","illumina"
"mgm4719948","marine water body","water","water",NA,"ERR771090_","Ocean Sampling Day","metagenome","WGS",NA,"Atlantic Ocean",39.134347,-9.384778,"ocean biome","mgp20252","free-living","coastal_seawater","marine","saline_water","ocean sampling day team","illumina"
"mgm4719949","marine water body","water","water",NA,"ERR770990_","Ocean Sampling Day","metagenome","WGS",NA,"Pacific Ocean",21.28656,-157.84351,"ocean biome","mgp20252","free-living","coastal_seawater","marine","saline_water","ocean sampling day team","illumina"
"mgm4719950","marine water body","water","water",NA,"ERR770972_","Ocean Sampling Day","metagenome","WGS",NA,"Mediterranean Sea",43.57,13.595,"ocean biome","mgp20252","free-living","coastal_seawater","marine","saline_water","ocean sampling day team","illumina"
"mgm4719951","marine water body","water","water",NA,"ERR771082_","Ocean Sampling Day","metagenome","WGS",NA,"Atlantic Ocean",66.00659,-18.19753,"ocean biome","mgp20252","free-living","coastal_seawater","marine","saline_water","ocean sampling day team","illumina"
"mgm4719952","marine water body","water","water",NA,"ERR771032_","Ocean Sampling Day","metagenome","WGS",NA,"North Sea",51.458433,2.350467,"ocean biome","mgp20252","free-living","coastal_seawater","marine","saline_water","ocean sampling day team","illumina"
"mgm4719953","marine water body","water","water",NA,"ERR771015_","Ocean Sampling Day","metagenome","WGS",NA,"Atlantic Ocean",59.8822,23.2538,"ocean biome","mgp20252","free-living","coastal_seawater","marine","saline_water","ocean sampling day team","illumina"
"mgm4719954","marine water body","water","water",NA,"ERR771023_","Ocean Sampling Day","metagenome","WGS",NA,"Mediterranean Sea",45.08,13.61,"ocean biome","mgp20252","free-living","coastal_seawater","marine","saline_water","ocean sampling day team","illumina"
"mgm4719955","marine water body","water","water",NA,"ERR770984_","Ocean Sampling Day","metagenome","WGS",NA,"Mediterranean Sea",45.31435,12.508317,"ocean biome","mgp20252","free-living","coastal_seawater","marine","saline_water","ocean sampling day team","illumina"
"mgm4719956","marine water body","water","water",NA,"ERR771088_","Ocean Sampling Day","metagenome","WGS",NA,"Atlantic Ocean",37.167,-7.504,"ocean biome","mgp20252","free-living","coastal_seawater","marine","saline_water","ocean sampling day team","illumina"
"mgm4719957","marine water body","water","water",NA,"ERR771005_","Ocean Sampling Day","metagenome","WGS",NA,"Pacific Ocean",32.86698,-117.25725,"ocean biome","mgp20252","free-living","coastal_seawater","marine","saline_water","ocean sampling day team","illumina"
"mgm4719958","marine water body","water","water",NA,"ERR771048_","Ocean Sampling Day","metagenome","WGS",NA,"Atlantic Ocean",57.8498,-5.6495,"ocean biome","mgp20252","free-living","coastal_seawater","marine","saline_water","ocean sampling day team","illumina"
"mgm4719959","marine water body","water","water",NA,"ERR771050_","Ocean Sampling Day","metagenome","WGS",NA,"North Sea",56.9631,-2.1031,"ocean biome","mgp20252","free-living","coastal_seawater","marine","saline_water","ocean sampling day team","illumina"
"mgm4719960","marine water body","water","water",NA,"ERR771068_","Ocean Sampling Day","metagenome","WGS",NA,"North Sea",51.361369,3.118856,"ocean biome","mgp20252","free-living","coastal_seawater","marine","saline_water","ocean sampling day team","illumina"
"mgm4719961","marine water body","water","water",NA,"ERR771028_","Ocean Sampling Day","metagenome","WGS",NA,"Atlantic Ocean",38.885507,-76.5416,"ocean biome","mgp20252","free-living","coastal_seawater","marine","saline_water","ocean sampling day team","illumina"
"mgm4719962","marine water body","water","water",NA,"ERR771012_","Ocean Sampling Day","metagenome","WGS",NA,"Atlantic Ocean",39.3322,-75.4699,"ocean biome","mgp20252","free-living","coastal_seawater","marine","saline_water","ocean sampling day team","illumina"
"mgm4719963","marine water body","water","water",NA,"ERR771020_","Ocean Sampling Day","metagenome","WGS",NA,"Mediterranean Sea",35.086353,-2.214658,"ocean biome","mgp20252","free-living","coastal_seawater","marine","saline_water","ocean sampling day team","illumina"
"mgm4719964","marine water body","water","water",NA,"ERR770967_","Ocean Sampling Day","metagenome","WGS",NA,"Mediterranean Sea",38.48435,21.31689,"ocean biome","mgp20252","free-living","coastal_seawater","marine","saline_water","ocean sampling day team","illumina"
"mgm4719965","marine water body","water","water",NA,"ERR771037_","Ocean Sampling Day","metagenome","WGS",NA,"North Sea",51.334817,2.50215,"ocean biome","mgp20252","free-living","coastal_seawater","marine","saline_water","ocean sampling day team","illumina"
"mgm4719966","marine water body","water","water",NA,"ERR771106_","Ocean Sampling Day","metagenome","WGS",NA,"Atlantic Ocean",50.151,-4.13,"ocean biome","mgp20252","free-living","coastal_seawater","marine","saline_water","ocean sampling day team","illumina"
"mgm4719968","marine water body","water","water",NA,"ERR771009_","Ocean Sampling Day","metagenome","WGS",NA,"North Sea",32.7524,79.89954,"ocean biome","mgp20252","free-living","coastal_seawater","marine","saline_water","ocean sampling day team","illumina"
"mgm4719969","marine water body","water","water",NA,"ERR771024_","Ocean Sampling Day","metagenome","WGS",NA,"Atlantic Ocean",64.208333,-22.015,"ocean biome","mgp20252","free-living","coastal_seawater","marine","saline_water","ocean sampling day team","illumina"
"mgm4719970","marine water body","water","water",NA,"ERR771093_","Ocean Sampling Day","metagenome","WGS",NA,"Atlantic Ocean",-8.703761,40.659875,"ocean biome","mgp20252","free-living","coastal_seawater","marine","saline_water","ocean sampling day team","illumina"
"mgm4719971","marine water body","water","water",NA,"ERR770991_","Ocean Sampling Day","metagenome","WGS",NA,"Pacific Ocean",21.2888,-156.86362,"ocean biome","mgp20252","free-living","coastal_seawater","marine","saline_water","ocean sampling day team","illumina"
"mgm4719972","marine water body","water","water",NA,"ERR771029_","Ocean Sampling Day","metagenome","WGS",NA,"North Sea",51.481583,2.451483,"ocean biome","mgp20252","free-living","coastal_seawater","marine","saline_water","ocean sampling day team","illumina"
"mgm4719973","marine water body","water","water",NA,"ERR771102_","Ocean Sampling Day","metagenome","WGS",NA,"Atlantic Ocean",32.64605,-16.910158,"ocean biome","mgp20252","free-living","coastal_seawater","marine","saline_water","ocean sampling day team","illumina"
"mgm4719974","marine water body","water","water",NA,"ERR771070_","Ocean Sampling Day","metagenome","WGS",NA,"Atlantic Ocean",31.98282,-81.01667,"ocean biome","mgp20252","free-living","coastal_seawater","marine","saline_water","ocean sampling day team","illumina"
"mgm4719975","marine water body","water","water",NA,"ERR771053_","Ocean Sampling Day","metagenome","WGS",NA,"Atlantic Ocean",59.622,10.6282,"ocean biome","mgp20252","free-living","coastal_seawater","marine","saline_water","ocean sampling day team","illumina"
"mgm4719976","marine water body","water","water",NA,"ERR770977_","Ocean Sampling Day","metagenome","WGS",NA,"Atlantic Ocean",54.8333,10,"ocean biome","mgp20252","free-living","coastal_seawater","marine","saline_water","ocean sampling day team","illumina"
"mgm4719977","marine water body","water","water",NA,"ERR771061_","Ocean Sampling Day","metagenome","WGS",NA,"Atlantic Ocean",-34.6759,-54.2752,"ocean biome","mgp20252","free-living","coastal_seawater","marine","saline_water","ocean sampling day team","illumina"
"mgm4719978","marine water body","water","water",NA,"ERR771086_","Ocean Sampling Day","metagenome","WGS",NA,"Mediterranean Sea",29.4667,34.9291,"ocean biome","mgp20252","free-living","coastal_seawater","marine","saline_water","ocean sampling day team","illumina"
"mgm4719979","marine water body","water","water",NA,"ERR771021_","Ocean Sampling Day","metagenome","WGS",NA,"Mediterranean Sea",35.1927,-2.88005,"ocean biome","mgp20252","free-living","coastal_seawater","marine","saline_water","ocean sampling day team","illumina"
"mgm4719981","marine water body","water","water",NA,"ERR77100","Ocean Sampling Day","metagenome","WGS",NA,"Mediterranean Sea",45.325568,13.33189,"ocean biome","mgp20252","free-living","coastal_seawater","marine","saline_water","ocean sampling day team","illumina"
"mgm4719982","marine water body","water","water",NA,"ERR771069_","Ocean Sampling Day","metagenome","WGS",NA,"Pacific Ocean",21.26882,-157.72231,"ocean biome","mgp20252","free-living","coastal_seawater","marine","saline_water","ocean sampling day team","illumina"
"mgm4719983","marine water body","water","water",NA,"ERR771045_","Ocean Sampling Day","metagenome","WGS",NA,"Mediterranean Sea",38.41333,27.03421,"ocean biome","mgp20252","free-living","coastal_seawater","marine","saline_water","ocean sampling day team","illumina"
"mgm4719984","marine water body","water","water",NA,"ERR771041_","Ocean Sampling Day","metagenome","WGS",NA,"North Sea",51.307333,2.849333,"ocean biome","mgp20252","free-living","coastal_seawater","marine","saline_water","ocean sampling day team","illumina"
"mgm4719985","marine water body","water","water",NA,"ERR770968_","Ocean Sampling Day","metagenome","WGS",NA,"Pacific Ocean",33.55,-118.4,"ocean biome","mgp20252","free-living","coastal_seawater","marine","saline_water","ocean sampling day team","illumina"
"mgm4719986","marine water body","water","water",NA,"ERR771078_","Ocean Sampling Day","metagenome","WGS",NA,"Mediterranean Sea",43.175843,27.908643,"ocean biome","mgp20252","free-living","coastal_seawater","marine","saline_water","ocean sampling day team","illumina"
"mgm4719987","marine water body","water","water",NA,"ERR770982_","Ocean Sampling Day","metagenome","WGS",NA,"Pacific Ocean",-36.292794,174.818567,"ocean biome","mgp20252","free-living","coastal_seawater","marine","saline_water","ocean sampling day team","illumina"
"mgm4719988","marine water body","water","water",NA,"ERR771062_","Ocean Sampling Day","metagenome","WGS",NA,"Mediterranean Sea",41.6666666,18.5833333,"ocean biome","mgp20252","free-living","coastal_seawater","marine","saline_water","ocean sampling day team","illumina"
"mgm4719989","marine water body","water","water",NA,"ERR771056_","Ocean Sampling Day","metagenome","WGS",NA,"Atlantic Ocean",44.66666,-1.16666,"ocean biome","mgp20252","free-living","coastal_seawater","marine","saline_water","ocean sampling day team","illumina"
"mgm4719990","marine water body","water","water",NA,"ERR771105_","Ocean Sampling Day","metagenome","WGS",NA,"Pacific Ocean",41.839834,-83.18995,"ocean biome","mgp20252","free-living","coastal_seawater","marine","saline_water","ocean sampling day team","illumina"
"mgm4719991","marine water body","water","water",NA,"ERR770979_","Ocean Sampling Day","metagenome","WGS",NA,"Mediterranean Sea",45.4142,12.4378,"ocean biome","mgp20252","free-living","coastal_seawater","marine","saline_water","ocean sampling day team","illumina"
"mgm4719992","marine water body","water","water",NA,"ERR771017_","Ocean Sampling Day","metagenome","WGS",NA,"Atlantic Ocean",27.4694,-80.283366,"ocean biome","mgp20252","free-living","coastal_seawater","marine","saline_water","ocean sampling day team","illumina"
"mgm4719993","marine water body","water","water",NA,"ERR771087_","Ocean Sampling Day","metagenome","WGS",NA,"Atlantic Ocean",51.7423,-8.3112,"ocean biome","mgp20252","free-living","coastal_seawater","marine","saline_water","ocean sampling day team","illumina"
"mgm4719994","marine water body","water","water",NA,"ERR771018_","Ocean Sampling Day","metagenome","WGS",NA,"Indian Ocean",16.802575,88.08165,"ocean biome","mgp20252","free-living","coastal_seawater","marine","saline_water","ocean sampling day team","illumina"
"mgm4719995","marine water body","water","water",NA,"ERR771057_","Ocean Sampling Day","metagenome","WGS",NA,"Atlantic Ocean",36.997655,-7.973119,"ocean biome","mgp20252","free-living","coastal_seawater","marine","saline_water","ocean sampling day team","illumina"
"mgm4719996","marine water body","water","water",NA,"ERR771004_","Ocean Sampling Day","metagenome","WGS",NA,"Atlantic Ocean",27.61578,-82.72587,"ocean biome","mgp20252","free-living","coastal_seawater","marine","saline_water","ocean sampling day team","illumina"
"mgm4719997","marine water body","water","water",NA,"ERR771104_","Ocean Sampling Day","metagenome","WGS",NA,"Mediterranean Sea",35.35,25.29,"ocean biome","mgp20252","free-living","coastal_seawater","marine","saline_water","ocean sampling day team","illumina"
"mgm4719998","marine water body","water","water",NA,"ERR771083_","Ocean Sampling Day","metagenome","WGS",NA,"North Sea",55.03306,-1.43278,"ocean biome","mgp20252","free-living","coastal_seawater","marine","saline_water","ocean sampling day team","illumina"
"mgm4719999","marine water body","water","water",NA,"ERR771036_","Ocean Sampling Day","metagenome","WGS",NA,"North Sea",51.277933,2.613667,"ocean biome","mgp20252","free-living","coastal_seawater","marine","saline_water","ocean sampling day team","illumina"
"mgm4720000","marine water body","water","water",NA,"ERR771008_","Ocean Sampling Day","metagenome","WGS",NA,"Mediterranean Sea",40.808,14.25,"ocean biome","mgp20252","free-living","coastal_seawater","marine","saline_water","ocean sampling day team","illumina"
"mgm4720001","marine water body","water","water",NA,"ERR771065_","Ocean Sampling Day","metagenome","WGS",NA,"North Sea",53.580926,8.148636,"ocean biome","mgp20252","free-living","coastal_seawater","marine","saline_water","ocean sampling day team","illumina"
"mgm4720002","marine water body","water","water",NA,"ERR770966_","Ocean Sampling Day","metagenome","WGS",NA,"Atlantic Ocean",32.74675,-9.036667,"ocean biome","mgp20252","free-living","coastal_seawater","marine","saline_water","ocean sampling day team","illumina"
"mgm4720003","marine water body","water","water",NA,"ERR771025_","Ocean Sampling Day","metagenome","WGS",NA,"Atlantic Ocean",64.208333,-22.015,"ocean biome","mgp20252","free-living","coastal_seawater","marine","saline_water","ocean sampling day team","illumina"
"mgm4720004","marine water body","water","water",NA,"ERR770964_","Ocean Sampling Day","metagenome","WGS",NA,"Atlantic Ocean",33.259611,-8.499222,"ocean biome","mgp20252","free-living","coastal_seawater","marine","saline_water","ocean sampling day team","illumina"
"mgm4720005","marine water body","water","water",NA,"ERR770962_","Ocean Sampling Day","metagenome","WGS",NA,"Indian Ocean",1.2726,103.9206,"ocean biome","mgp20252","free-living","coastal_seawater","marine","saline_water","ocean sampling day team","illumina"
"mgm4720007","marine water body","water","water",NA,"ERR770971_","Ocean Sampling Day","metagenome","WGS",NA,"Atlantic Ocean",74.31,-20.3043,"ocean biome","mgp20252","free-living","coastal_seawater","marine","saline_water","ocean sampling day team","illumina"
"mgm4720008","marine water body","water","water",NA,"ERR771058_","Ocean Sampling Day","metagenome","WGS",NA,"Atlantic Ocean",44.6936,-63.6403,"ocean biome","mgp20252","free-living","coastal_seawater","marine","saline_water","ocean sampling day team","illumina"
"mgm4720009","marine water body","water","water",NA,"ERR771010_","Ocean Sampling Day","metagenome","WGS",NA,"Atlantic Ocean",24.7449,-80.78375,"ocean biome","mgp20252","free-living","coastal_seawater","marine","saline_water","ocean sampling day team","illumina"
"mgm4720010","marine water body","water","water",NA,"ERR771026_","Ocean Sampling Day","metagenome","WGS",NA,"Atlantic Ocean",48.7778,-3.9375,"ocean biome","mgp20252","free-living","coastal_seawater","marine","saline_water","ocean sampling day team","illumina"
"mgm4720011","marine water body","water","water",NA,"ERR771059_","Ocean Sampling Day","metagenome","WGS",NA,"Atlantic Ocean",44.6936,-63.6403,"ocean biome","mgp20252","free-living","coastal_seawater","marine","saline_water","ocean sampling day team","illumina"
"mgm4720012","marine water body","water","water",NA,"ERR770976_","Ocean Sampling Day","metagenome","WGS",NA,"Atlantic Ocean",41.6835,-8.8341,"ocean biome","mgp20252","free-living","coastal_seawater","marine","saline_water","ocean sampling day team","illumina"
"mgm4720013","marine water body","water","water",NA,"ERR771103_","Ocean Sampling Day","metagenome","WGS",NA,"Atlantic Ocean",32.741808,-16.711281,"ocean biome","mgp20252","free-living","coastal_seawater","marine","saline_water","ocean sampling day team","illumina"
"mgm4720014","marine water body","water","water",NA,"ERR771072_","Ocean Sampling Day","metagenome","WGS",NA,"Atlantic Ocean",60.16121,5.11504,"ocean biome","mgp20252","free-living","coastal_seawater","marine","saline_water","ocean sampling day team","illumina"
"mgm4720015","marine water body","water","water",NA,"ERR771076_","Ocean Sampling Day","metagenome","WGS",NA,"Mediterranean Sea",42.252939,27.415647,"ocean biome","mgp20252","free-living","coastal_seawater","marine","saline_water","ocean sampling day team","illumina"
"mgm4720016","marine water body","water","water",NA,"ERR771027_","Ocean Sampling Day","metagenome","WGS",NA,"Mediterranean Sea",35,33,"ocean biome","mgp20252","free-living","coastal_seawater","marine","saline_water","ocean sampling day team","illumina"
"mgm4720017","marine water body","water","water",NA,"ERR770978_","Ocean Sampling Day","metagenome","WGS",NA,"Pacific Ocean",-45.7442,170.7706,"ocean biome","mgp20252","free-living","coastal_seawater","marine","saline_water","ocean sampling day team","illumina"
"mgm4720018","marine water body","water","water",NA,"ERR770999_","Ocean Sampling Day","metagenome","WGS",NA,"Mediterranean Sea",35.661,24.99,"ocean biome","mgp20252","free-living","coastal_seawater","marine","saline_water","ocean sampling day team","illumina"
"mgm4720019","marine water body","water","water",NA,"ERR771002_","Ocean Sampling Day","metagenome","WGS",NA,"Mediterranean Sea",45.502,12.4176,"ocean biome","mgp20252","free-living","coastal_seawater","marine","saline_water","ocean sampling day team","illumina"
"mgm4720020","marine water body","water","water",NA,"ERR770973_","Ocean Sampling Day","metagenome","WGS",NA,"Mediterranean Sea",44,13,"ocean biome","mgp20252","free-living","coastal_seawater","marine","saline_water","ocean sampling day team","illumina"
"mgm4720021","marine water body","water","water",NA,"ERR771080_","Ocean Sampling Day","metagenome","WGS",NA,"Atlantic Ocean",65.4877,-18.06032,"ocean biome","mgp20252","free-living","coastal_seawater","marine","saline_water","ocean sampling day team","illumina"
"mgm4720022","marine water body","water","water",NA,"ERR771089_","Ocean Sampling Day","metagenome","WGS",NA,"Atlantic Ocean",39.415067,-9.218828,"ocean biome","mgp20252","free-living","coastal_seawater","marine","saline_water","ocean sampling day team","illumina"
"mgm4720023","marine water body","water","water",NA,"ERR770970_","Ocean Sampling Day","metagenome","WGS",NA,"Atlantic Ocean",74.31,-20.3043,"ocean biome","mgp20252","free-living","coastal_seawater","marine","saline_water","ocean sampling day team","illumina"
"mgm4720024","marine water body","water","water",NA,"ERR771096_","Ocean Sampling Day","metagenome","WGS",NA,"Atlantic Ocean",38.757283,-8.966333,"ocean biome","mgp20252","free-living","coastal_seawater","marine","saline_water","ocean sampling day team","illumina"
"mgm4720025","marine water body","water","water",NA,"ERR771016_","Ocean Sampling Day","metagenome","WGS",NA,"North Sea",54.18194,7.9,"ocean biome","mgp20252","free-living","coastal_seawater","marine","saline_water","ocean sampling day team","illumina"
"mgm4720026","marine water body","water","water",NA,"ERR771001_","Ocean Sampling Day","metagenome","WGS",NA,"Mediterranean Sea",45.4125,12.5265,"ocean biome","mgp20252","free-living","coastal_seawater","marine","saline_water","ocean sampling day team","illumina"
"mgm4720027","marine water body","water","water",NA,"ERR770961_","Ocean Sampling Day","metagenome","WGS",NA,"Atlantic Ocean",37.4257,-25.3156,"ocean biome","mgp20252","free-living","coastal_seawater","marine","saline_water","ocean sampling day team","illumina"
"mgm4720028","marine water body","water","water",NA,"ERR770983_","Ocean Sampling Day","metagenome","WGS",NA,"Mediterranean Sea",46.44155,30.77595,"ocean biome","mgp20252","free-living","coastal_seawater","marine","saline_water","ocean sampling day team","illumina"
"mgm4720030","marine water body","water","water",NA,"ERR770992_","Ocean Sampling Day","metagenome","WGS",NA,"Atlantic Ocean",43.8604,-69.5781,"ocean biome","mgp20252","free-living","coastal_seawater","marine","saline_water","ocean sampling day team","illumina"
"mgm4720031","marine water body","water","water",NA,"ERR771091_","Ocean Sampling Day","metagenome","WGS",NA,"Atlantic Ocean",34.41,-9.51,"ocean biome","mgp20252","free-living","coastal_seawater","marine","saline_water","ocean sampling day team","illumina"
"mgm4720032","marine water body","water","water",NA,"ERR770986_","Ocean Sampling Day","metagenome","WGS",NA,"Atlantic Ocean",41.524467,-70.672174,"ocean biome","mgp20252","free-living","coastal_seawater","marine","saline_water","ocean sampling day team","illumina"
"mgm4720033","marine water body","water","water",NA,"ERR771040_","Ocean Sampling Day","metagenome","WGS",NA,"North Sea",51.37485,3.218333,"ocean biome","mgp20252","free-living","coastal_seawater","marine","saline_water","ocean sampling day team","illumina"
"mgm4720034","marine water body","water","water",NA,"ERR771054_","Ocean Sampling Day","metagenome","WGS",NA,"Atlantic Ocean",59.89961,10.71999,"ocean biome","mgp20252","free-living","coastal_seawater","marine","saline_water","ocean sampling day team","illumina"
"mgm4720035","marine water body","water","water",NA,"ERR770974_","Ocean Sampling Day","metagenome","WGS",NA,"Mediterranean Sea",43.9475,12.935,"ocean biome","mgp20252","free-living","coastal_seawater","marine","saline_water","ocean sampling day team","illumina"
"mgm4720036","marine water body","water","water",NA,"ERR771042_","Ocean Sampling Day","metagenome","WGS",NA,"North Sea",51.2695,2.90465,"ocean biome","mgp20252","free-living","coastal_seawater","marine","saline_water","ocean sampling day team","illumina"
"mgm4720037","marine water body","water","water",NA,"ERR771081_","Ocean Sampling Day","metagenome","WGS",NA,"Atlantic Ocean",66.00696,-18.19041,"ocean biome","mgp20252","free-living","coastal_seawater","marine","saline_water","ocean sampling day team","illumina"
"mgm4720038","marine water body","water","water",NA,"ERR770980_","Ocean Sampling Day","metagenome","WGS",NA,"Pacific Ocean",-17.2894,-149.53985,"ocean biome","mgp20252","free-living","coastal_seawater","marine","saline_water","ocean sampling day team","illumina"
"mgm4720039","marine water body","water","water",NA,"ERR771084_","Ocean Sampling Day","metagenome","WGS",NA,"Pacific Ocean",34.32444,135.12083,"ocean biome","mgp20252","free-living","coastal_seawater","marine","saline_water","ocean sampling day team","illumina"
"mgm4720040","marine water body","water","water",NA,"ERR771039_","Ocean Sampling Day","metagenome","WGS",NA,"North Sea",51.441017,3.13995,"ocean biome","mgp20252","free-living","coastal_seawater","marine","saline_water","ocean sampling day team","illumina"
"mgm4720041","marine water body","water","water",NA,"ERR770981_","Ocean Sampling Day","metagenome","WGS",NA,"Mediterranean Sea",45.4568,12.2605,"ocean biome","mgp20252","free-living","coastal_seawater","marine","saline_water","ocean sampling day team","illumina"
"mgm4720042","marine water body","water","water",NA,"ERR771064_","Ocean Sampling Day","metagenome","WGS",NA,"Atlantic Ocean",-34.37,-54.16,"ocean biome","mgp20252","free-living","coastal_seawater","marine","saline_water","ocean sampling day team","illumina"
"mgm4720043","marine water body","water","water",NA,"ERR771067_","Ocean Sampling Day","metagenome","WGS",NA,"Atlantic Ocean",78.453333,-2.829667,"ocean biome","mgp20252","free-living","coastal_seawater","marine","saline_water","ocean sampling day team","illumina"
"mgm4720044","marine water body","water","water",NA,"ERR771055_","Ocean Sampling Day","metagenome","WGS",NA,"Atlantic Ocean",59.81618,10.59863,"ocean biome","mgp20252","free-living","coastal_seawater","marine","saline_water","ocean sampling day team","illumina"
"mgm4720045","marine water body","water","water",NA,"ERR771033_","Ocean Sampling Day","metagenome","WGS",NA,"Mediterranean Sea",35.362826,33.287118,"ocean biome","mgp20252","free-living","coastal_seawater","marine","saline_water","ocean sampling day team","illumina"
"mgm4720046","marine water body","water","water",NA,"ERR770975_","Ocean Sampling Day","metagenome","WGS",NA,"Atlantic Ocean",41.1416,-8.6668,"ocean biome","mgp20252","free-living","coastal_seawater","marine","saline_water","ocean sampling day team","illumina"
"mgm4720048","marine water body","water","water",NA,"ERR770989_","Ocean Sampling Day","metagenome","WGS",NA,"Atlantic Ocean",34.7181,-76.6707,"ocean biome","mgp20252","free-living","coastal_seawater","marine","saline_water","ocean sampling day team","illumina"
"mgm4720049","marine water body","water","water",NA,"ERR771052_","Ocean Sampling Day","metagenome","WGS",NA,"Atlantic Ocean",37.4328,-25.19,"ocean biome","mgp20252","free-living","coastal_seawater","marine","saline_water","ocean sampling day team","illumina"
"mgm4720050","marine water body","water","water",NA,"ERR771075_","Ocean Sampling Day","metagenome","WGS",NA,"Mediterranean Sea",32.0694,34.843,"ocean biome","mgp20252","free-living","coastal_seawater","marine","saline_water","ocean sampling day team","illumina"
"mgm4720051","marine water body","water","water",NA,"ERR771047_","Ocean Sampling Day","metagenome","WGS",NA,"Mediterranean Sea",43.43287,2.90056,"ocean biome","mgp20252","free-living","coastal_seawater","marine","saline_water","ocean sampling day team","illumina"
"mgm4720052","marine water body","water","water",NA,"ERR771044_","Ocean Sampling Day","metagenome","WGS",NA,"North Sea",51.796139,1.012958,"ocean biome","mgp20252","free-living","coastal_seawater","marine","saline_water","ocean sampling day team","illumina"
"mgm4720053","marine water body","water","water",NA,"ERR770958_","Ocean Sampling Day","metagenome","WGS",NA,"Mediterranean Sea",45.70092,13.71003,"ocean biome","mgp20252","free-living","coastal_seawater","marine","saline_water","ocean sampling day team","illumina"
"mgm4720054","marine water body","water","water",NA,"ERR771074_","Ocean Sampling Day","metagenome","WGS",NA,"Atlantic Ocean",-33.93572,18.47147,"ocean biome","mgp20252","free-living","coastal_seawater","marine","saline_water","ocean sampling day team","illumina"
"mgm4720055","marine water body","water","water",NA,"ERR771046_","Ocean Sampling Day","metagenome","WGS",NA,"Atlantic Ocean",65.7064,-18.1181,"ocean biome","mgp20252","free-living","coastal_seawater","marine","saline_water","ocean sampling day team","illumina"
"mgm4720056","marine water body","water","water",NA,"ERR770969_","Ocean Sampling Day","metagenome","WGS",NA,"Atlantic Ocean",37.005053,-7.973119,"ocean biome","mgp20252","free-living","coastal_seawater","marine","saline_water","ocean sampling day team","illumina"
"mgm4720057","marine water body","water","water",NA,"ERR771006_","Ocean Sampling Day","metagenome","WGS",NA,"Mediterranean Sea",38.26861,15.63708,"ocean biome","mgp20252","free-living","coastal_seawater","marine","saline_water","ocean sampling day team","illumina"
"mgm4720058","marine water body","water","water",NA,"ERR771066_","Ocean Sampling Day","metagenome","WGS",NA,"Indian Ocean",8.5216,81.0521,"ocean biome","mgp20252","free-living","coastal_seawater","marine","saline_water","ocean sampling day team","illumina"
"mgm4720059","marine water body","water","water",NA,"ERR770960_","Ocean Sampling Day","metagenome","WGS",NA,"Atlantic Ocean",38.5297,-28.601778,"ocean biome","mgp20252","free-living","coastal_seawater","marine","saline_water","ocean sampling day team","illumina"
"mgm4720060","marine water body","water","water",NA,"ERR771034_","Ocean Sampling Day","metagenome","WGS",NA,"North Sea",51.580317,2.7897,"ocean biome","mgp20252","free-living","coastal_seawater","marine","saline_water","ocean sampling day team","illumina"
"mgm4720061","marine water body","water","water",NA,"ERR771035_","Ocean Sampling Day","metagenome","WGS",NA,"North Sea",51.185917,2.702133,"ocean biome","mgp20252","free-living","coastal_seawater","marine","saline_water","ocean sampling day team","illumina"
"mgm4720063","marine water body","water","water",NA,"ERR771011_","Ocean Sampling Day","metagenome","WGS",NA,"Atlantic Ocean",26.10293,-80.09315,"ocean biome","mgp20252","free-living","coastal_seawater","marine","saline_water","ocean sampling day team","illumina"
"mgm4720064","marine water body","water","water",NA,"ERR771007_","Ocean Sampling Day","metagenome","WGS",NA,"Pacific Ocean",48.04051,-123.0257,"ocean biome","mgp20252","free-living","coastal_seawater","marine","saline_water","ocean sampling day team","illumina"
"mgm4720066","marine water body","water","water",NA,"ERR771013_","Ocean Sampling Day","metagenome","WGS",NA,"Atlantic Ocean",38.6792,-76.1742,"ocean biome","mgp20252","free-living","coastal_seawater","marine","saline_water","ocean sampling day team","illumina"
"mgm4720067","marine water body","water","water",NA,"ERR771038_","Ocean Sampling Day","metagenome","WGS",NA,"North Sea",51.471583,3.0592,"ocean biome","mgp20252","free-living","coastal_seawater","marine","saline_water","ocean sampling day team","illumina"
"mgm4720068","marine water body","water","water",NA,"ERR771085_","Ocean Sampling Day","metagenome","WGS",NA,"Mediterranean Sea",32.822,32.954,"ocean biome","mgp20252","free-living","coastal_seawater","marine","saline_water","ocean sampling day team","illumina"
"mgm4720069","marine water body","water","water",NA,"ERR771049_","Ocean Sampling Day","metagenome","WGS",NA,"North Sea",58.957,-2.9726,"ocean biome","mgp20252","free-living","coastal_seawater","marine","saline_water","ocean sampling day team","illumina"
"mgm4720070","marine water body","water","water",NA,"ERR771043_","Ocean Sampling Day","metagenome","WGS",NA,"North Sea",51.434733,2.810867,"ocean biome","mgp20252","free-living","coastal_seawater","marine","saline_water","ocean sampling day team","illumina"
"mgm4720072","marine water body","water","water",NA,"ERR771073_","Ocean Sampling Day","metagenome","WGS",NA,"Mediterranean Sea",42.49,3.14,"ocean biome","mgp20252","free-living","coastal_seawater","marine","saline_water","ocean sampling day team","illumina"
"mgm4720073","marine water body","water","water",NA,"ERR771094_","Ocean Sampling Day","metagenome","WGS",NA,"Atlantic Ocean",40.145122,-8.869328,"ocean biome","mgp20252","free-living","coastal_seawater","marine","saline_water","ocean sampling day team","illumina"
"mgm4720074","marine water body","water","water",NA,"ERR771100_","Ocean Sampling Day","metagenome","WGS",NA,"Atlantic Ocean",69.023323,-105.34339,"ocean biome","mgp20252","free-living","coastal_seawater","marine","saline_water","ocean sampling day team","illumina"
"mgm4720075","marine water body","water","water",NA,"ERR771060_","Ocean Sampling Day","metagenome","WGS",NA,"Atlantic Ocean",-34.42,-54.16,"ocean biome","mgp20252","free-living","coastal_seawater","marine","saline_water","ocean sampling day team","illumina"
"mgm4720076","marine water body","water","water",NA,"ERR771030_","Ocean Sampling Day","metagenome","WGS",NA,"North Sea",51.682717,2.414967,"ocean biome","mgp20252","free-living","coastal_seawater","marine","saline_water","ocean sampling day team","illumina"
"mgm4720077","marine water body","water","water",NA,"ERR771003_","Ocean Sampling Day","metagenome","WGS",NA,"Atlantic Ocean",30.2484,-88.74825,"ocean biome","mgp20252","free-living","coastal_seawater","marine","saline_water","ocean sampling day team","illumina"
"mgm4720078","marine water body","water","water",NA,"ERR771077_","Ocean Sampling Day","metagenome","WGS",NA,"Atlantic Ocean",66.1316,-18.7902,"ocean biome","mgp20252","free-living","coastal_seawater","marine","saline_water","ocean sampling day team","illumina"
"mgm4720079","marine water body","water","water",NA,"ERR770998_","Ocean Sampling Day","metagenome","WGS",NA,"Mediterranean Sea",35.661,24.99,"ocean biome","mgp20252","free-living","coastal_seawater","marine","saline_water","ocean sampling day team","illumina"
"mgm4720080","marine water body","water","water",NA,"ERR770965_","Ocean Sampling Day","metagenome","WGS",NA,"Atlantic Ocean",33.583917,-7.700639,"ocean biome","mgp20252","free-living","coastal_seawater","marine","saline_water","ocean sampling day team","illumina"
"mgm4720081","marine water body","water","water",NA,"ERR771098_","Ocean Sampling Day","metagenome","WGS",NA,"Atlantic Ocean",65.9449,-22.4192,"ocean biome","mgp20252","free-living","coastal_seawater","marine","saline_water","ocean sampling day team","illumina"
"mgm4722276","marine water body","water","water",NA,"ERR599135","Tara Oceans","metagenome","WGS",NA,"Atlantic Ocean",-20.4091,-3.1759,"ocean biome","mgp20413","free-living","oceanic_seawater","marine","saline_water","tara oceans consortium","illumina"
"mgm4722277","marine water body","water","water",NA,"ERR599010","Tara Oceans","metagenome","WGS",NA,"Atlantic Ocean",-20.9354,-35.1803,"ocean biome","mgp20413","free-living","oceanic_seawater","marine","saline_water","tara oceans consortium","illumina"
"mgm4722278","marine water body","water","water",NA,"ERR599129","Tara Oceans","metagenome","WGS",NA,"Atlantic Ocean",-31.0266,4.665,"ocean biome","mgp20413","free-living","oceanic_seawater","marine","saline_water","tara oceans consortium","illumina"
"mgm4722279","marine water body","water","water",NA,"ERR598968","Tara Oceans","metagenome","WGS",NA,"Atlantic Ocean",34.6712,-71.3093,"ocean biome","mgp20413","free-living","oceanic_seawater","marine","saline_water","tara oceans consortium","illumina"
"mgm4722281","marine water body","water","water",NA,"ERR315861","Tara Oceans","metagenome","WGS",NA,"Mediterranean Sea",42.2038,17.715,"ocean biome","mgp20413","free-living","oceanic_seawater","marine","saline_water","tara oceans consortium","illumina"
"mgm4722282","marine water body","water","water",NA,"ERR599141","Tara Oceans","metagenome","WGS",NA,"Indian Ocean",6.0001,73.8955,"ocean biome","mgp20413","free-living","oceanic_seawater","marine","saline_water","tara oceans consortium","illumina"
"mgm4722283","marine water body","water","water",NA,"ERR598969","Tara Oceans","metagenome","WGS",NA,"Indian Ocean",27.16,34.835,"ocean biome","mgp20413","free-living","oceanic_seawater","marine","saline_water","tara oceans consortium","illumina"
"mgm4722290","marine water body","water","water",NA,"ERR598945","Tara Oceans","metagenome","WGS",NA,"Southern Ocean",-60.2287,-60.6476,"ocean biome","mgp20413","free-living","oceanic_seawater","marine","saline_water","tara oceans consortium","illumina"
"mgm4722291","marine water body","water","water",NA,"ERR598966","Tara Oceans","metagenome","WGS",NA,"Indian Ocean",20.8183,63.5047,"ocean biome","mgp20413","free-living","oceanic_seawater","marine","saline_water","tara oceans consortium","illumina"
"mgm4722292","marine water body","water","water",NA,"ERR599030","Tara Oceans","metagenome","WGS",NA,"Pacific Ocean",6.3332,-102.9432,"ocean biome","mgp20413","free-living","oceanic_seawater","marine","saline_water","tara oceans consortium","illumina"
"mgm4722293","marine water body","water","water",NA,"ERR599049","Tara Oceans","metagenome","WGS",NA,"Indian Ocean",21.9467,38.2517,"ocean biome","mgp20413","free-living","oceanic_seawater","marine","saline_water","tara oceans consortium","illumina"
"mgm4722294","marine water body","water","water",NA,"ERR599041","Tara Oceans","metagenome","WGS",NA,"Indian Ocean",23.36,37.2183,"ocean biome","mgp20413","free-living","oceanic_seawater","marine","saline_water","tara oceans consortium","illumina"
"mgm4722295","marine water body","water","water",NA,"ERR599024","Tara Oceans","metagenome","WGS",NA,"Pacific Ocean",-21.146,-104.787,"ocean biome","mgp20413","free-living","oceanic_seawater","marine","saline_water","tara oceans consortium","illumina"
"mgm4722296","marine water body","water","water",NA,"ERR598951","Tara Oceans","metagenome","WGS",NA,"Mediterranean Sea",39.3888,19.3905,"ocean biome","mgp20413","free-living","oceanic_seawater","marine","saline_water","tara oceans consortium","illumina"
"mgm4722297","marine water body","water","water",NA,"ERR598991","Tara Oceans","metagenome","WGS",NA,"Indian Ocean",18.3967,39.875,"ocean biome","mgp20413","free-living","oceanic_seawater","marine","saline_water","tara oceans consortium","illumina"
"mgm4722298","marine water body","water","water",NA,"ERR599003","Tara Oceans","metagenome","WGS",NA,"Atlantic Ocean",36.5533,-6.5669,"ocean biome","mgp20413","free-living","oceanic_seawater","marine","saline_water","tara oceans consortium","illumina"
"mgm4722299","marine water body","water","water",NA,"ERR599012","Tara Oceans","metagenome","WGS",NA,"Indian Ocean",-22.3368,40.3412,"ocean biome","mgp20413","free-living","oceanic_seawater","marine","saline_water","tara oceans consortium","illumina"
"mgm4722300","marine water body","water","water",NA,"ERR598993","Tara Oceans","metagenome","WGS",NA,"Mediterranean Sea",35.759,14.2574,"ocean biome","mgp20413","free-living","oceanic_seawater","marine","saline_water","tara oceans consortium","illumina"
"mgm4722301","marine water body","water","water",NA,"ERR599038","Tara Oceans","metagenome","WGS",NA,"Pacific Ocean",3e-04,-153.6759,"ocean biome","mgp20413","free-living","oceanic_seawater","marine","saline_water","tara oceans consortium","illumina"
"mgm4722302","marine water body","water","water",NA,"ERR598978","Tara Oceans","metagenome","WGS",NA,"Pacific Ocean",-5.2529,-85.1545,"ocean biome","mgp20413","free-living","oceanic_seawater","marine","saline_water","tara oceans consortium","illumina"
"mgm4722303","marine water body","water","water",NA,"ERR599045","Tara Oceans","metagenome","WGS",NA,"Indian Ocean",0.0033,71.6428,"ocean biome","mgp20413","free-living","oceanic_seawater","marine","saline_water","tara oceans consortium","illumina"
"mgm4722304","marine water body","water","water",NA,"ERR598959","Tara Oceans","metagenome","WGS",NA,"Indian Ocean",18.3967,39.875,"ocean biome","mgp20413","free-living","oceanic_seawater","marine","saline_water","tara oceans consortium","illumina"
"mgm4722305","marine water body","water","water",NA,"ERR599143","Tara Oceans","metagenome","WGS",NA,"Indian Ocean",20.8183,63.5047,"ocean biome","mgp20413","free-living","oceanic_seawater","marine","saline_water","tara oceans consortium","illumina"
"mgm4722306","marine water body","water","water",NA,"ERR598967","Tara Oceans","metagenome","WGS",NA,"Pacific Ocean",-29.7238,-101.1604,"ocean biome","mgp20413","free-living","oceanic_seawater","marine","saline_water","tara oceans consortium","illumina"
"mgm4722307","marine water body","water","water",NA,"ERR599009","Tara Oceans","metagenome","WGS",NA,"Atlantic Ocean",-47.1863,-58.2902,"ocean biome","mgp20413","free-living","oceanic_seawater","marine","saline_water","tara oceans consortium","illumina"
"mgm4722308","marine water body","water","water",NA,"ERR599144","Tara Oceans","metagenome","WGS",NA,"Atlantic Ocean",-32.2401,17.7103,"ocean biome","mgp20413","free-living","oceanic_seawater","marine","saline_water","tara oceans consortium","illumina"
"mgm4722309","marine water body","water","water",NA,"ERR599022","Tara Oceans","metagenome","WGS",NA,"Atlantic Ocean",-30.1367,-43.2899,"ocean biome","mgp20413","free-living","oceanic_seawater","marine","saline_water","tara oceans consortium","illumina"
"mgm4722310","marine water body","water","water",NA,"ERR599134","Tara Oceans","metagenome","WGS",NA,"Indian Ocean",21.9467,38.2517,"ocean biome","mgp20413","free-living","oceanic_seawater","marine","saline_water","tara oceans consortium","illumina"
"mgm4722311","marine water body","water","water",NA,"ERR599036","Tara Oceans","metagenome","WGS",NA,"Pacific Ocean",-9.1504,-140.5216,"ocean biome","mgp20413","free-living","oceanic_seawater","marine","saline_water","tara oceans consortium","illumina"
"mgm4722312","marine water body","water","water",NA,"ERR599043","Tara Oceans","metagenome","WGS",NA,"Mediterranean Sea",39.3888,19.3905,"ocean biome","mgp20413","free-living","oceanic_seawater","marine","saline_water","tara oceans consortium","illumina"
"mgm4722313","marine water body","water","water",NA,"ERR598984","Tara Oceans","metagenome","WGS",NA,"Atlantic Ocean",-8.7789,-17.9099,"ocean biome","mgp20413","free-living","oceanic_seawater","marine","saline_water","tara oceans consortium","illumina"
"mgm4722314","marine water body","water","water",NA,"ERR599035","Tara Oceans","metagenome","WGS",NA,"Atlantic Ocean",-47.1863,-58.2902,"ocean biome","mgp20413","free-living","oceanic_seawater","marine","saline_water","tara oceans consortium","illumina"
"mgm4722315","marine water body","water","water",NA,"ERR599142","Tara Oceans","metagenome","WGS",NA,"Pacific Ocean",31.5213,-158.9958,"ocean biome","mgp20413","free-living","oceanic_seawater","marine","saline_water","tara oceans consortium","illumina"
"mgm4739969","surface layer","coastal water","water",NA,"oualidia_lagoon_1","Metagenomes","metagenome","WGS","africa","Morocco",32.74,9.03,"ocean biome","mgp79744","free-living","coastal_seawater","marine","saline_water","chaouni","illumina"
"mgm4739970","surface layer","coastal water","water",NA,"oualidia_lagoon_2","Metagenomes","metagenome","WGS","africa","Morocco",32.74,9.03,"ocean biome","mgp79744","free-living","coastal_seawater","marine","saline_water","chaouni","illumina"
"mgm4742212","surface layer","coastal water","water",NA,"OSD91","OSD_Morocco_lagoon","metagenome","WGS","africa","Morocco",32.74,9.03,"ocean biome","mgp80120","free-living","coastal_seawater","marine","saline_water","chaouni","illumina"
